{
    "name": "All Requests",
    "numberOfRequests": {
        "total": 320,
        "ok": 272,
        "ko": 48
    },
    "minResponseTime": {
        "total": 26,
        "ok": 26,
        "ko": 120004
    },
    "maxResponseTime": {
        "total": 120008,
        "ok": 120007,
        "ko": 120008
    },
    "meanResponseTime": {
        "total": 31915,
        "ok": 16370,
        "ko": 120007
    },
    "standardDeviation": {
        "total": 49988,
        "ok": 36451,
        "ko": 1
    },
    "percentiles1": {
        "total": 3254,
        "ok": 2984,
        "ko": 120007
    },
    "percentiles2": {
        "total": 34236,
        "ok": 8340,
        "ko": 120007
    },
    "percentiles3": {
        "total": 120007,
        "ok": 116942,
        "ko": 120008
    },
    "percentiles4": {
        "total": 120008,
        "ok": 119760,
        "ko": 120008
    },
    "group1": {
    "name": "t < 15000 ms",
    "count": 240,
    "percentage": 75
},
    "group2": {
    "name": "t ≥ 15000 ms <br> t < 30000 ms",
    "count": 0,
    "percentage": 0
},
    "group3": {
    "name": "t ≥ 30000 ms",
    "count": 32,
    "percentage": 10
},
    "group4": {
    "name": "failed",
    "count": 48,
    "percentage": 15
},
    "meanNumberOfRequestsPerSecond": {
        "total": 1.4285714285714286,
        "ok": 1.2142857142857142,
        "ko": 0.21428571428571427
    }
}