{
    "name": "All Requests",
    "numberOfRequests": {
        "total": 400,
        "ok": 213,
        "ko": 187
    },
    "minResponseTime": {
        "total": 46,
        "ok": 46,
        "ko": 120002
    },
    "maxResponseTime": {
        "total": 120033,
        "ok": 119727,
        "ko": 120033
    },
    "meanResponseTime": {
        "total": 58620,
        "ok": 4726,
        "ko": 120008
    },
    "standardDeviation": {
        "total": 59133,
        "ok": 18802,
        "ko": 6
    },
    "percentiles1": {
        "total": 3228,
        "ok": 2923,
        "ko": 120006
    },
    "percentiles2": {
        "total": 120006,
        "ok": 2973,
        "ko": 120007
    },
    "percentiles3": {
        "total": 120014,
        "ok": 3232,
        "ko": 120020
    },
    "percentiles4": {
        "total": 120031,
        "ok": 116905,
        "ko": 120031
    },
    "group1": {
    "name": "t < 15000 ms",
    "count": 207,
    "percentage": 52
},
    "group2": {
    "name": "t ≥ 15000 ms <br> t < 30000 ms",
    "count": 0,
    "percentage": 0
},
    "group3": {
    "name": "t ≥ 30000 ms",
    "count": 6,
    "percentage": 2
},
    "group4": {
    "name": "failed",
    "count": 187,
    "percentage": 47
},
    "meanNumberOfRequestsPerSecond": {
        "total": 1.1976047904191616,
        "ok": 0.6377245508982036,
        "ko": 0.5598802395209581
    }
}